Display name,Username,Password,Licenses,
user01,user01@1xyj7c.onmicrosoft.com,K!227983427352ox,"Unlicensed"
user02,user02@1xyj7c.onmicrosoft.com,Q(345214066286ob,"Unlicensed"
user03,user03@1xyj7c.onmicrosoft.com,B&567844281821an,"Unlicensed"
user04,user04@1xyj7c.onmicrosoft.com,F.140743352629uw,"Unlicensed"
user05,user05@1xyj7c.onmicrosoft.com,S/491462126835ot,"Unlicensed"
user06,user06@1xyj7c.onmicrosoft.com,H!208156261995ac,"Unlicensed"
user07,user07@1xyj7c.onmicrosoft.com,Q.291272659878om,"Unlicensed"
user08,user08@1xyj7c.onmicrosoft.com,W@652309595425ar,"Unlicensed"
user09,user09@1xyj7c.onmicrosoft.com,B%173108583482ob,"Unlicensed"
user10,user10@1xyj7c.onmicrosoft.com,J.264673012591ot,"Unlicensed"
user11,user11@1xyj7c.onmicrosoft.com,D&329464862864ah,"Unlicensed"
user12,user12@1xyj7c.onmicrosoft.com,F)807295291427uw,"Unlicensed"
user13,user13@1xyj7c.onmicrosoft.com,M&303058053834ow,"Unlicensed"
user14,user14@1xyj7c.onmicrosoft.com,Y#083288227447ag,"Unlicensed"
user15,user15@1xyj7c.onmicrosoft.com,V@947570179429ug,"Unlicensed"
user16,user16@1xyj7c.onmicrosoft.com,H@583380418558om,"Unlicensed"
user17,user17@1xyj7c.onmicrosoft.com,D!539024139663uj,"Unlicensed"
user18,user18@1xyj7c.onmicrosoft.com,C#820043000165aj,"Unlicensed"
user19,user19@1xyj7c.onmicrosoft.com,P*527599736413al,"Unlicensed"
user20,user20@1xyj7c.onmicrosoft.com,F.682037907695av,"Unlicensed"
user21,user21@1xyj7c.onmicrosoft.com,G.599807458809uz,"Unlicensed"
user22,user22@1xyj7c.onmicrosoft.com,B@937615456066od,"Unlicensed"
user23,user23@1xyj7c.onmicrosoft.com,L.907119352094ub,"Unlicensed"
user24,user24@1xyj7c.onmicrosoft.com,J$968935724517oq,"Unlicensed"
user25,user25@1xyj7c.onmicrosoft.com,D^194799640305uz,"Unlicensed"
